menu,categoria,nota_categoria,producto,gramaje,descripcion,descripcion_completa,precio,nota_producto
"Desayunos","Entradas","","Pan Dulce de Canasta","1 pza","","1 pza","29",""
"Desayunos","Entradas","","Plato de Jocoque","160 g","Acompañado de tortillas hechas a mano.","160 g · Acompañado de tortillas hechas a mano.","69",""
"Desayunos","Entradas","","Hot Cakes con Fruta","3 pzas","Con fruta del día.","3 pzas · Con fruta del día.","109",""
"Desayunos","Entradas","","Pan Francés","2 pzas","","2 pzas","109",""
"Desayunos","Entradas","","Plato de Fruta con Yogurt","60 g de yogurt","Con fruta del día y granola.","60 g de yogurt · Con fruta del día y granola.","109",""
"Desayunos","Chilaquiles","Con chorizo, chicharrón o asada 80 g: más $60 · Huevo 1 pza: más $20 · Pollo 80 g: más $40","Rojos","","Tira de maíz frita bañada en salsa de jitomate y serrano. Coronados con cebolla, queso fresco, crema y cilantro.","Tira de maíz frita bañada en salsa de jitomate y serrano. Coronados con cebolla, queso fresco, crema y cilantro.","149",""
"Desayunos","Chilaquiles","Con chorizo, chicharrón o asada 80 g: más $60 · Huevo 1 pza: más $20 · Pollo 80 g: más $40","Verdes","","Tira de maíz frita bañada en salsa de tomate verde, chile serrano, cilantro, cebolla y epazote. Coronados con cebolla, queso fresco, crema y cilantro.","Tira de maíz frita bañada en salsa de tomate verde, chile serrano, cilantro, cebolla y epazote. Coronados con cebolla, queso fresco, crema y cilantro.","149",""
"Desayunos","Chilaquiles","Con chorizo, chicharrón o asada 80 g: más $60 · Huevo 1 pza: más $20 · Pollo 80 g: más $40","Enchipotlados","","Tira de maíz frita bañada en salsa de jitomate, cebolla, chile chipotle y crema. Coronados con cebolla, queso fresco, crema y cilantro.","Tira de maíz frita bañada en salsa de jitomate, cebolla, chile chipotle y crema. Coronados con cebolla, queso fresco, crema y cilantro.","149",""
"Desayunos","Chilaquiles","Con chorizo, chicharrón o asada 80 g: más $60 · Huevo 1 pza: más $20 · Pollo 80 g: más $40","Enmolados","","Tira de maíz frita bañada en mole de la casa, acompañados de queso fresco, cebolla morada y ajonjolí.","Tira de maíz frita bañada en mole de la casa, acompañados de queso fresco, cebolla morada y ajonjolí.","169",""
"Desayunos","Chilaquiles","Con chorizo, chicharrón o asada 80 g: más $60 · Huevo 1 pza: más $20 · Pollo 80 g: más $40","Entre Chilaquiles","","Delicado omelette bañado en chilaquiles a elección. Coronados con cebolla, queso fresco, crema y cilantro.","Delicado omelette bañado en chilaquiles a elección. Coronados con cebolla, queso fresco, crema y cilantro.","169",""
"Desayunos","Chilaquiles","Con chorizo, chicharrón o asada 80 g: más $60 · Huevo 1 pza: más $20 · Pollo 80 g: más $40","Poblanos","","Tira de maíz frita bañada en salsa poblana, con elote, flor de calabaza, cebolla, queso fresco, crema y cilantro.","Tira de maíz frita bañada en salsa poblana, con elote, flor de calabaza, cebolla, queso fresco, crema y cilantro.","169",""
"Desayunos","Chilaquiles","Con chorizo, chicharrón o asada 80 g: más $60 · Huevo 1 pza: más $20 · Pollo 80 g: más $40","Tatemados","","Tira de maíz frita bañada en salsa tatemada de tomate verde y jitomate. Coronados con cebolla, queso fresco, crema y cilantro.","Tira de maíz frita bañada en salsa tatemada de tomate verde y jitomate. Coronados con cebolla, queso fresco, crema y cilantro.","149",""
"Desayunos","Chilaquiles","Con chorizo, chicharrón o asada 80 g: más $60 · Huevo 1 pza: más $20 · Pollo 80 g: más $40","Chilaquiles Caché","","Tira de maíz frita bañada en salsa de frijol, acompañados de chorizo y espaldilla asada, salsa molcajeteada, crema y queso.","Tira de maíz frita bañada en salsa de frijol, acompañados de chorizo y espaldilla asada, salsa molcajeteada, crema y queso.","190",""
"Desayunos","Chilaquiles","Con chorizo, chicharrón o asada 80 g: más $60 · Huevo 1 pza: más $20 · Pollo 80 g: más $40","Chilaquitas","","Tira de maíz bañada en salsa roja o verde, acompañada de fajitas de pollo adobado, con cebolla, queso fresco, crema y cilantro.","Tira de maíz bañada en salsa roja o verde, acompañada de fajitas de pollo adobado, con cebolla, queso fresco, crema y cilantro.","190",""
"Desayunos","Omelette y Huevos","","Omelette al Gusto","2 pzas de huevo, 60 g de proteína","Mexicana, salchicha, jamón, chorizo o tocino.","2 pzas de huevo, 60 g de proteína · Mexicana, salchicha, jamón, chorizo o tocino.","149","Con espinaca, flor de calabaza o panela asada: más $30"
"Desayunos","Omelette y Huevos","","Embarazada de Huevo","1 pza de huevo, 80 g de chicharrón","Tortilla hecha a mano rellena de huevo, bañada en chicharrón rojo o verde y frijoles.","1 pza de huevo, 80 g de chicharrón · Tortilla hecha a mano rellena de huevo, bañada en chicharrón rojo o verde y frijoles.","149",""
"Desayunos","Omelette y Huevos","","Plato de Chilorio","100 g de chilorio, 2 pzas de huevo","A la mexicana, acompañado de frijoles refritos, aguacate y queso fresco.","100 g de chilorio, 2 pzas de huevo · A la mexicana, acompañado de frijoles refritos, aguacate y queso fresco.","179",""
"Desayunos","Omelette y Huevos","","Huevos al Gusto","2 huevos","Estrellados o revueltos. A la mexicana, jamón, tocino, salchicha o chorizo. Acompañados de frijoles refritos, aguacate y queso fresco.","2 huevos · Estrellados o revueltos. A la mexicana, jamón, tocino, salchicha o chorizo. Acompañados de frijoles refritos, aguacate y queso fresco.","139","Con espinaca, flor de calabaza o panela asada: más $30"
"Desayunos","Omelette y Huevos","","Huevos Rancheros","2 huevos","Fritos y montados en tortillas doradas, bañados en salsa ranchera. Acompañados de frijol con queso fresco y aguacate.","2 huevos · Fritos y montados en tortillas doradas, bañados en salsa ranchera. Acompañados de frijol con queso fresco y aguacate.","139",""
"Desayunos","Omelette y Huevos","","Huevos con Machaca","2 huevos, 50 g de machaca","Revueltos y guisados a la mexicana. Acompañados de frijol con queso fresco, aguacate y tortillas de harina.","2 huevos, 50 g de machaca · Revueltos y guisados a la mexicana. Acompañados de frijol con queso fresco, aguacate y tortillas de harina.","179",""
"Desayunos","Omelette y Huevos","","Tradicional Huevo Ahogado","2 huevos","Cocinados en cazuela de hierro en salsa de tomate verde y panela, acompañados de pan o tortilla.","2 huevos · Cocinados en cazuela de hierro en salsa de tomate verde y panela, acompañados de pan o tortilla.","149",""
"Desayunos","Omelette y Huevos","","Huevos Caché","2 huevos","Huevo pochado montado en nido de papa, bañado en crema de chipotle, tocino crujiente, espinaca y queso.","2 huevos · Huevo pochado montado en nido de papa, bañado en crema de chipotle, tocino crujiente, espinaca y queso.","169",""
"Desayunos","Omelette y Huevos","","Desayuno Americano","2 huevos","Al gusto, con tocino, hot cakes, papa hash brown y café.","2 huevos · Al gusto, con tocino, hot cakes, papa hash brown y café.","159",""
"Desayunos","Toast","","Toast de Jamón Serrano","30 g de jamón serrano","Con aguacate y 1 huevo estrellado. Acompañado de ensalada dulce con espinaca.","30 g de jamón serrano · Con aguacate y 1 huevo estrellado. Acompañado de ensalada dulce con espinaca.","149",""
"Desayunos","Toast","","Toast de Salmón","100 g de salmón","Con aderezo de yogurt griego y pesto de finas hierbas. Acompañado de ensalada dulce con espinaca y plátano macho.","100 g de salmón · Con aderezo de yogurt griego y pesto de finas hierbas. Acompañado de ensalada dulce con espinaca y plátano macho.","199",""
"Desayunos","Toast","","Toast de Aguacate","50 g de tocino, 50 g de panela","Con aguacate y huevo. Acompañado de ensalada dulce con espinaca.","50 g de tocino, 50 g de panela · Con aguacate y huevo. Acompañado de ensalada dulce con espinaca.","149",""
"Desayunos","Molletes","","Molletes Tradicionales","","Bolillo con frijol y queso gratinado, acompañado de salsa mexicana.","Bolillo con frijol y queso gratinado, acompañado de salsa mexicana.","99",""
"Desayunos","Molletes","","Mollete de Chicharrón","80 g de chicharrón","Bolillo con frijoles, queso gratinado y chicharrón verde o rojo.","80 g de chicharrón · Bolillo con frijoles, queso gratinado y chicharrón verde o rojo.","129",""
"Desayunos","Molletes","","Mollete de Chilaquiles","","A su elección. Bolillo con frijoles, chilaquiles, queso fresco, crema, cebolla y cilantro.","A su elección. Bolillo con frijoles, chilaquiles, queso fresco, crema, cebolla y cilantro.","129",""
"Desayunos","Molletes","","Molletes Divorciados","","Mitad bolillo dulce a elección y mitad mollete salado con frijoles y queso gratinado.","Mitad bolillo dulce a elección y mitad mollete salado con frijoles y queso gratinado.","99",""
"Desayunos","Molletes","","Molletes Dulces","","Bolillo con mantequilla, mermelada, cajeta o lechera.","Bolillo con mantequilla, mermelada, cajeta o lechera.","79",""
"Desayunos","Sandwich","","Club Sandwich","140 g de proteína, 100 g de papas","Pan tostado con queso, tocino, pollo y aguacate, acompañado de papas fritas.","140 g de proteína, 100 g de papas · Pan tostado con queso, tocino, pollo y aguacate, acompañado de papas fritas.","169",""
"Desayunos","Sandwich","","Crispy Chicken Cesar Sandwich","200 g de proteína, 100 g de papas","Pan baguette tostado con pechuga empanizada, aderezo césar, lechuga y queso parmesano, acompañado de papas fritas.","200 g de proteína, 100 g de papas · Pan baguette tostado con pechuga empanizada, aderezo césar, lechuga y queso parmesano, acompañado de papas fritas.","179",""
"Desayunos","Enchiladas","Todas llevan 100 g de proteína","Suizas","","Cuatro enchiladas rellenas de pollo deshebrado, bañadas en salsa suiza, gratinadas.","Cuatro enchiladas rellenas de pollo deshebrado, bañadas en salsa suiza, gratinadas.","149",""
"Desayunos","Enchiladas","Todas llevan 100 g de proteína","Poblanas","","Cuatro enchiladas rellenas de diezmillo asado o pollo deshebrado, bañadas en salsa de chile poblano, gratinadas con crema y queso.","Cuatro enchiladas rellenas de diezmillo asado o pollo deshebrado, bañadas en salsa de chile poblano, gratinadas con crema y queso.","169",""
"Desayunos","Enchiladas","Todas llevan 100 g de proteína","Entomatadas","","Cuatro enchiladas rellenas de pollo deshebrado, bañadas en salsa cremosa de jitomate. Gratinadas.","Cuatro enchiladas rellenas de pollo deshebrado, bañadas en salsa cremosa de jitomate. Gratinadas.","139",""
"Desayunos","Enchiladas","Todas llevan 100 g de proteína","Enmoladas","","Cuatro enchiladas rellenas de pollo deshebrado, bañadas en mole de la casa, con cebolla morada desflemada y ajonjolí.","Cuatro enchiladas rellenas de pollo deshebrado, bañadas en mole de la casa, con cebolla morada desflemada y ajonjolí.","149",""
"Desayunos","Enchiladas","Todas llevan 100 g de proteína","Enfrijoladas","","Cuatro enchiladas rellenas de pollo deshebrado, bañadas en salsa de frijoles de la casa, con queso fresco y crema.","Cuatro enchiladas rellenas de pollo deshebrado, bañadas en salsa de frijoles de la casa, con queso fresco y crema.","139",""
"Desayunos","Burritos","","Burrito de Machaca","50 g de machaca, 100 g de papas","Tortilla de harina con machaca a la mexicana, acompañado de papas fritas.","50 g de machaca, 100 g de papas · Tortilla de harina con machaca a la mexicana, acompañado de papas fritas.","179",""
"Desayunos","Burritos","","Burrito a la Mexicana","2 huevos","Tortilla de harina con huevo a la mexicana, acompañado de frijoles.","2 huevos · Tortilla de harina con huevo a la mexicana, acompañado de frijoles.","139",""
"Desayunos","Burritos","","Burrito de Carne Asada","100 g de carne","Tortilla de harina con carne asada, queso y frijoles.","100 g de carne · Tortilla de harina con carne asada, queso y frijoles.","169",""
"Desayunos","Birria","","Quesabirria Individual","","","","49",""
"Desayunos","Birria","","Volteados con Queso","1 pza","","1 pza","49",""
"Desayunos","Quesadillas","","Quesadilla de Comal","1 pza","Tortilla hecha a mano con queso.","1 pza · Tortilla hecha a mano con queso.","39","Con chorizo, chicharrón o asada 80 g: más $60 · Pollo 80 g: más $40"
"Desayunos","Menudo","Solo sábados y domingos","Menudo","","","","100",""
"Desayunos","Menú Fitness","","Panela Asada","180 g","Bañada en salsa verde, con guarnición de ensalada.","180 g · Bañada en salsa verde, con guarnición de ensalada.","139",""
"Desayunos","Menú Fitness","","Rollo de Pollo","180 g","Relleno de panela y espinaca, bañado en salsa roja o verde, con guarnición de ensalada.","180 g · Relleno de panela y espinaca, bañado en salsa roja o verde, con guarnición de ensalada.","189",""
"Desayunos","Menú Fitness","","Omelette de Claras de Huevo","3 claras","Con panela asada y espinacas, acompañado de ensalada fresca y aguacate.","3 claras · Con panela asada y espinacas, acompañado de ensalada fresca y aguacate.","169",""
"Desayunos","Menú Fitness","","Hot Cakes de Avena","3 pzas","Acompañados de topping de fruta del día.","3 pzas · Acompañados de topping de fruta del día.","139",""
"Desayunos","Menú Infantil","","3 Mini Hamburguesitas","140 g de carne, 100 g de papas","Con pan brioche, carne de res y queso, con papas fritas.","140 g de carne, 100 g de papas · Con pan brioche, carne de res y queso, con papas fritas.","119",""
"Desayunos","Menú Infantil","","Pechuga Empanizada","140 g de pechuga, 100 g de papas","Con guarnición de papas fritas.","140 g de pechuga, 100 g de papas · Con guarnición de papas fritas.","119",""
"Desayunos","Menú Infantil","","Mini Hot Cakes","4 pzas, 1 bola de nieve","","4 pzas, 1 bola de nieve","99",""
"Comidas","Entradas","","Chicharrón Duro","80 g","Con salsa martajada.","80 g · Con salsa martajada.","99",""
"Comidas","Entradas","","Panela Asada","180 g","Bañada en salsa verde.","180 g · Bañada en salsa verde.","139",""
"Comidas","Entradas","","Queso Fundido Natural","180 g","","180 g","139","Con chorizo, flor de calabaza o champiñón 80 g: $169"
"Comidas","Entradas","","Manitas en Escabeche Frías","4 pzas, 500 g","","4 pzas, 500 g","139",""
"Comidas","Entradas","","Guacamole con Totopos","180 g","","180 g","109",""
"Comidas","Entradas","","Taco de Chile Güero Empanizado","30 g de asada","Relleno de asada.","30 g de asada · Relleno de asada.","79",""
"Comidas","Entradas","","Chistorra Asada al Carbón","200 g","Acompañada de chiles toreados y cebolla.","200 g · Acompañada de chiles toreados y cebolla.","129",""
"Comidas","Ensaladas","","Ensalada César con Pollo","100 g de pollo","Corazón de lechuga bañado en aderezo césar, crotones y queso parmesano.","100 g de pollo · Corazón de lechuga bañado en aderezo césar, crotones y queso parmesano.","139",""
"Comidas","Ensaladas","","Ensalada de Frutos Rojos","","Mix de lechugas con fresa, suprema de naranja, arándano y queso suizo, con vinagreta de fresa, vino tinto y miel.","Mix de lechugas con fresa, suprema de naranja, arándano y queso suizo, con vinagreta de fresa, vino tinto y miel.","120","Con pollo 80 g: $160 · Con peinecillo 80 g: $180"
"Comidas","Sopas","","Caldo Tlalpeño","70 g","Consomé con verduras, arroz, pollo, un toque de chipotle, garbanzos y aguacate.","70 g · Consomé con verduras, arroz, pollo, un toque de chipotle, garbanzos y aguacate.","149",""
"Comidas","Sopas","","Sopa de Fideo Seco o en Caldo","","Receta de la abuela, decorada con panela, aguacate y chipotle.","Receta de la abuela, decorada con panela, aguacate y chipotle.","99",""
"Comidas","Sopas","","Sopa de Tortilla Azteca","","Salsa a base de jitomate y epazote con fritura de tortilla de maíz, decorada con panela, aguacate, chicharrón duro, crema y chile pasilla.","Salsa a base de jitomate y epazote con fritura de tortilla de maíz, decorada con panela, aguacate, chicharrón duro, crema y chile pasilla.","119",""
"Comidas","Sopas","","Crema del Día","","Preguntar al mesero.","Preguntar al mesero.","99",""
"Comidas","Platos Fuertes","","Pollo a la Plancha","180 g","Acompañado de arroz y ensalada.","180 g · Acompañado de arroz y ensalada.","190",""
"Comidas","Platos Fuertes","","Milanesa de Pollo","180 g","Acompañada de ensalada y papas fritas.","180 g · Acompañada de ensalada y papas fritas.","190",""
"Comidas","Platos Fuertes","","Chile en Nogada","100 g","Chile relleno de carne con un toque dulce, bañado en salsa nogada con nuez, perejil y granada.","100 g · Chile relleno de carne con un toque dulce, bañado en salsa nogada con nuez, perejil y granada.","259",""
"Comidas","Platos Fuertes","","Chiles Rellenos","","2 piezas rellenas de queso, bañadas en salsa roja y acompañadas de arroz.","2 piezas rellenas de queso, bañadas en salsa roja y acompañadas de arroz.","180",""
"Comidas","Platos Fuertes","","Pollo en Mole","250 g","Pierna y muslo bañados en mole de la casa, espolvoreados con ajonjolí y acompañados de arroz.","250 g · Pierna y muslo bañados en mole de la casa, espolvoreados con ajonjolí y acompañados de arroz.","240",""
"Comidas","Platos Fuertes","","Carne Asada","180 g","Carne en tasajo, quesadilla, nopal asado, cebolla cambray, guacamole y frijoles con queso fresco.","180 g · Carne en tasajo, quesadilla, nopal asado, cebolla cambray, guacamole y frijoles con queso fresco.","199",""
"Comidas","Platos Fuertes","","Chamorro","900 g","1 pieza de chamorro horneado lentamente, bañado con salsa de la casa y acompañado de frijoles y cebolla curtida.","900 g · 1 pieza de chamorro horneado lentamente, bañado con salsa de la casa y acompañado de frijoles y cebolla curtida.","189",""
"Comidas","Platos Fuertes","","Molcajete Mar y Tierra","100 g de picaña, 100 g de camarón","Picaña, camarón, nopal asado con cebolla cambray y panela asada, bañados en salsa de tomate, morrón y un toque de serrano.","100 g de picaña, 100 g de camarón · Picaña, camarón, nopal asado con cebolla cambray y panela asada, bañados en salsa de tomate, morrón y un toque de serrano.","299",""
"Comidas","Platos Fuertes","","Peinecillo","180 g","Acompañado de frijoles fritos, nopal y cebolla cambray asados, y guacamole.","180 g · Acompañado de frijoles fritos, nopal y cebolla cambray asados, y guacamole.","199",""
"Comidas","Del Mar","","Salmón al Gusto","200 g","A las finas hierbas, a la mantequilla o al limón. Acompañado de puré y ensalada.","200 g · A las finas hierbas, a la mantequilla o al limón. Acompañado de puré y ensalada.","259",""
"Comidas","Del Mar","","Camarones al Gusto","180 g","A la diabla, al ajillo, a la momia, empanizados o al coco. Guarnición de arroz y ensalada.","180 g · A la diabla, al ajillo, a la momia, empanizados o al coco. Guarnición de arroz y ensalada.","259",""
"Comidas","Del Mar","","Pescado al Gusto","180 g","A la plancha, al ajillo, a la diabla o empanizado. Guarnición de arroz y ensalada.","180 g · A la plancha, al ajillo, a la diabla o empanizado. Guarnición de arroz y ensalada.","210",""
"Comidas","Especialidades","","Plato Botanero","4 personas","2 jaladas de chile jalapeño con queso, chicharrón duro 100 g, chistorra 200 g, queso fundido natural 180 g, guacamole 180 g y frijoles fritos 180 g.","4 personas · 2 jaladas de chile jalapeño con queso, chicharrón duro 100 g, chistorra 200 g, queso fundido natural 180 g, guacamole 180 g y frijoles fritos 180 g.","550",""
"Comidas","Especialidades","","Parrillada","3 a 4 personas","Peinecillo 200 g, pollo adobado 200 g, espaldilla 200 g y panza de cerdo 200 g. Queso fundido con chorizo 250 g, guacamole 180 g y frijoles refritos con queso 180 g.","3 a 4 personas · Peinecillo 200 g, pollo adobado 200 g, espaldilla 200 g y panza de cerdo 200 g. Queso fundido con chorizo 250 g, guacamole 180 g y frijoles refritos con queso 180 g.","850",""
"Comidas","Menú Infantil","Todo en cajitas","3 Mini Hamburguesas","140 g de carne, 100 g de papas","Carne de res, pan brioche y queso amarillo, con papas a la francesa.","140 g de carne, 100 g de papas · Carne de res, pan brioche y queso amarillo, con papas a la francesa.","119",""
"Comidas","Menú Infantil","Todo en cajitas","Tiras de Pechuga de Pollo","140 g de pollo, 100 g de papas","Con papas a la francesa.","140 g de pollo, 100 g de papas · Con papas a la francesa.","119",""
"Comidas","Menú Infantil","Todo en cajitas","Camarones Empanizados","100 g","Con aderezo de la casa.","100 g · Con aderezo de la casa.","129",""
"Comidas","Postres","","Jericallas","","","","79",""
"Comidas","Postres","","Flan de Elote","","","","79",""
"Comidas","Postres","","Carlota de Limón","","","","69",""
"Comidas","Postres","","Pan de Elote","","","","69",""
"Bebidas","Café","","Café Americano","450 ml","Refill.","450 ml · Refill.","59",""
"Bebidas","Café","","Espresso","30 ml","1 carga de café.","30 ml · 1 carga de café.","45",""
"Bebidas","Café","","Espresso Doble","60 ml","2 cargas de café.","60 ml · 2 cargas de café.","59",""
"Bebidas","Café","","Café de Olla","450 ml","Café, canela, anís y piloncillo.","450 ml · Café, canela, anís y piloncillo.","59",""
"Bebidas","Café","","Latte","220 ml","","220 ml","79",""
"Bebidas","Café","","Capuccino","180 ml","","180 ml","79",""
"Bebidas","Café","","Capuccino Baileys","180 ml","","180 ml","149",""
"Bebidas","Café","","Café Lechero","400 ml","Especialidad de la casa.","400 ml · Especialidad de la casa.","79",""
"Bebidas","Café","","Chocolate Caliente","220 ml","","220 ml","59",""
"Bebidas","Refrescos","","Coca Cola","355 ml","Regular, Zero o Light.","355 ml · Regular, Zero o Light.","55",""
"Bebidas","Refrescos","","Fanta, Sprite o Manzanita","355 ml","","355 ml","55",""
"Bebidas","Refrescos","","Squirt","600 ml","","600 ml","55",""
"Bebidas","Refrescos","","Topo Chico","600 ml","","600 ml","55",""
"Bebidas","Refrescos","","Topo Chico Sangría","600 ml","","600 ml","55",""
"Bebidas","Refrescos","","Tonicol","600 ml","","600 ml","55",""
"Bebidas","Refrescos","","Fuze Tea","600 ml","Durazno o limón.","600 ml · Durazno o limón.","55",""
"Bebidas","Refrescos","","Agua Mineralizada (Ciel)","350 ml","","350 ml","55",""
"Bebidas","Refrescos","","Jugo del Valle Manzana Kids","250 ml","","250 ml","25",""
"Bebidas","Refrescos","","Agua Ciel Natural","600 ml","","600 ml","35",""
"Bebidas","Bebidas sin Alcohol","","Jugo Natural de Naranja","350 ml","","350 ml","59",""
"Bebidas","Bebidas sin Alcohol","","Jugo Verde Natural","350 ml","Piña, naranja, perejil, apio y espinaca.","350 ml · Piña, naranja, perejil, apio y espinaca.","69",""
"Bebidas","Bebidas sin Alcohol","","Limonada","350 ml","Mineral o natural, con jarabe natural.","350 ml · Mineral o natural, con jarabe natural.","59",""
"Bebidas","Bebidas sin Alcohol","","Naranjada","350 ml","Mineral o natural, con jarabe natural.","350 ml · Mineral o natural, con jarabe natural.","59",""
"Bebidas","Bebidas sin Alcohol","","Aguas Frescas","400 ml","Avena, jamaica, piña o pepino con hierbabuena.","400 ml · Avena, jamaica, piña o pepino con hierbabuena.","49",""
"Bebidas","Bebidas sin Alcohol","","Piñada","400 ml","Crema de coco, jugo de piña y leche evaporada.","400 ml · Crema de coco, jugo de piña y leche evaporada.","79",""
"Bebidas","Bebidas sin Alcohol","","Pantera Rosa","400 ml","Crema de coco, fresa y granadina.","400 ml · Crema de coco, fresa y granadina.","79",""
"Bebidas","Bebidas sin Alcohol","","Canica","350 ml","Soda lima limón con granadina.","350 ml · Soda lima limón con granadina.","49",""
"Bebidas","Bebidas sin Alcohol","","Tejuino","400 ml","Fermento a base de maíz nixtamalizado, piloncillo y limón.","400 ml · Fermento a base de maíz nixtamalizado, piloncillo y limón.","65",""
"Bebidas","Bebidas sin Alcohol","","Tepache","300 ml","Fermento a base de piña, piloncillo y especias: clavo de olor, canela, pimienta gorda y anís.","300 ml · Fermento a base de piña, piloncillo y especias: clavo de olor, canela, pimienta gorda y anís.","59",""
"Bebidas","Vino Tinto","","Copa de Vino de la Casa","50 ml","La Cetto, Cabernet Sauvignon.","50 ml · La Cetto, Cabernet Sauvignon.","89",""
"Bebidas","Cócteles con Vino","","Clericot","300 ml","Jugo de naranja, limón, soda de manzana y un toque de vino tinto, decorado con nuez y fruta de temporada.","300 ml · Jugo de naranja, limón, soda de manzana y un toque de vino tinto, decorado con nuez y fruta de temporada.","79",""
"Bebidas","Cócteles con Vino","","Sangría","300 ml","Limón, jarabe, agua mineral y vino tinto.","300 ml · Limón, jarabe, agua mineral y vino tinto.","79",""
"Bebidas","Cócteles con Vino","","Tinto de Verano","300 ml","Soda lima limón, vino tinto y jugo de limón.","300 ml · Soda lima limón, vino tinto y jugo de limón.","79",""
"Bebidas","Cócteles con Vino","","Mimosas","180 ml","Jugo a elección: naranja, arándano o piña, con vino espumoso.","180 ml · Jugo a elección: naranja, arándano o piña, con vino espumoso.","99",""
"Bebidas","Malteadas y Frappés","Con leche entera o deslactosada","Mazapán","400 ml","Pieza de mazapán, helado de vainilla y leche.","400 ml · Pieza de mazapán, helado de vainilla y leche.","89",""
"Bebidas","Malteadas y Frappés","Con leche entera o deslactosada","Oreo","400 ml","Galleta Oreo, helado de vainilla, chocolate y leche.","400 ml · Galleta Oreo, helado de vainilla, chocolate y leche.","89",""
"Bebidas","Malteadas y Frappés","Con leche entera o deslactosada","Chocolate","400 ml","Jarabe de chocolate, helado de chocolate y leche.","400 ml · Jarabe de chocolate, helado de chocolate y leche.","89",""
"Bebidas","Malteadas y Frappés","Con leche entera o deslactosada","Fresa","400 ml","Fresa natural, helado de fresa y leche.","400 ml · Fresa natural, helado de fresa y leche.","89",""
"Bebidas","Malteadas y Frappés","Con leche entera o deslactosada","Frappuccino","400 ml","Carga de espresso, leche y chocolate.","400 ml · Carga de espresso, leche y chocolate.","79",""
"Bebidas","Smoothies","Con agua o leche entera o deslactosada","Mango","400 ml","Mango natural y jarabe.","400 ml · Mango natural y jarabe.","69",""
"Bebidas","Smoothies","Con agua o leche entera o deslactosada","Fresa","400 ml","Fresa natural y jarabe.","400 ml · Fresa natural y jarabe.","69",""
"Bebidas","Mocktails","","Manzana Muck","350 ml","Jugo de manzana, jarabe, limón y ginger ale.","350 ml · Jugo de manzana, jarabe, limón y ginger ale.","79",""
"Bebidas","Mocktails","","Frutos Rojos Muck","350 ml","Frutos rojos, jarabe, limón, arándano y ginger ale.","350 ml · Frutos rojos, jarabe, limón, arándano y ginger ale.","79",""
"Bebidas","Mocktails","","Maracuyá Muck","300 ml","Pulpa de maracuyá, jarabe, limón y piña.","300 ml · Pulpa de maracuyá, jarabe, limón y piña.","79",""
"Bebidas","Mocktails","","Pepino Muck","300 ml","Pepino natural, jarabe, limón y jugo de piña.","300 ml · Pepino natural, jarabe, limón y jugo de piña.","79",""
"Bebidas","Mocktails","","Tejuino Muck","400 ml","Tejuino, limón, jugo de piña y agua mineral.","400 ml · Tejuino, limón, jugo de piña y agua mineral.","79",""
"Bebidas","Digestivos","","Carajilla","200 ml","Licor Baileys y 1 carga de espresso.","200 ml · Licor Baileys y 1 carga de espresso.","159",""
"Bebidas","Digestivos","","Carajillo","200 ml","Licor 43 y 1 carga de espresso.","200 ml · Licor 43 y 1 carga de espresso.","159",""
"Bebidas","Cerveza","","Tecate Roja","325 ml","","325 ml","49",""
"Bebidas","Cerveza","","Tecate Light","325 ml","","325 ml","49",""
"Bebidas","Cerveza","","Carta Blanca","300 ml","","300 ml","49",""
"Bebidas","Cerveza","","Miller High Life","355 ml","","355 ml","69",""
"Bebidas","Cerveza","","Heineken","355 ml","","355 ml","69",""
"Bebidas","Cerveza","","Heineken Barril","355 ml","","355 ml","75",""
"Bebidas","Cerveza","","Heineken 0.0","355 ml","","355 ml","49",""
"Bebidas","Cerveza","","Bohemia Clara","355 ml","","355 ml","69",""
"Bebidas","Cerveza","","Bohemia Cristal","355 ml","","355 ml","69",""
"Bebidas","Cerveza","","Bohemia Obscura","355 ml","","355 ml","69",""
"Bebidas","Cerveza","","Indio","325 ml","","325 ml","45",""
"Bebidas","Cerveza","","XX Lager","325 ml","","325 ml","45",""
"Bebidas","Cerveza","","XX Ámbar","325 ml","","325 ml","45",""
"Bebidas","Cerveza","","Amstel Ultra","355 ml","","355 ml","69",""
"Bebidas","Micheladas y Especiales","","Vaso Michelado","90 ml","Escarchado con Tajín, salsas negras, limón, sal y clamato.","90 ml · Escarchado con Tajín, salsas negras, limón, sal y clamato.","30",""
"Bebidas","Micheladas y Especiales","","Vaso Ruso","30 ml","Escarcha de sal y jugo de limón.","30 ml · Escarcha de sal y jugo de limón.","15",""
"Bebidas","Micheladas y Especiales","","Vaso Cubano","45 ml","Escarchado con sal, jugo de limón y salsas negras.","45 ml · Escarchado con sal, jugo de limón y salsas negras.","25",""
"Bebidas","Micheladas y Especiales","","Vaso Tejuichela","90 ml","Preparación de tejuino, limón y sal.","90 ml · Preparación de tejuino, limón y sal.","39",""
"Bebidas","Micheladas y Especiales","","Tejuichela Caché","300 ml","Tejuino, sal de grano, limón y cerveza de la casa.","300 ml · Tejuino, sal de grano, limón y cerveza de la casa.","119",""
"Bebidas","Micheladas y Especiales","","Michelada de Fresa","600 ml","Limón, concentrado de fresa, cerveza, tamarindo y pica fresa.","600 ml · Limón, concentrado de fresa, cerveza, tamarindo y pica fresa.","149",""
"Bebidas","Micheladas y Especiales","","Michelada de Tamarindo","600 ml","Limón, pulpa de tamarindo, cerveza y dulce de tamarindo.","600 ml · Limón, pulpa de tamarindo, cerveza y dulce de tamarindo.","149",""
"Bebidas","Micheladas y Especiales","","Michelada de Mango","600 ml","Limón, pulpa de mango, cerveza y gomitas de mango.","600 ml · Limón, pulpa de mango, cerveza y gomitas de mango.","149",""
"Bebidas","Spritz","","Aperol Spritz","250 ml","Vino espumoso, agua mineral y Aperol. Naranja fresca.","250 ml · Vino espumoso, agua mineral y Aperol. Naranja fresca.","149",""
"Bebidas","Spritz","","43 Spritz","250 ml","Vino espumoso, agua mineral, limón y Licor 43.","250 ml · Vino espumoso, agua mineral, limón y Licor 43.","159",""
"Bebidas","Spritz","","Hugo Spritz","250 ml","Licor de flor de saúco, agua mineral y vino espumoso.","250 ml · Licor de flor de saúco, agua mineral y vino espumoso.","169",""
